Фамилия,Имя,Отчество,Городской телефон,Номер телефона,ИНН ФЗ/ИП,СНИЛС,Адрес прописки,Адрес
Питосин,Сергей,Егорович,"",+7 (939) 134-88-77,391116807802,72722827303,"Россия, г. Новочеркасск, Первомайская ул., д. 25 кв.4","Россия, г. Иваново, Почтовая ул., д. 17 кв.219"
Королева,Елена,Григориевна,"",+7 (963) 646-81-92,138012534606,51713639376,"Россия, г. Владивосток, Речная ул., д. 1 кв.153","Россия, г. Омск, Солнечный пер., д. 11 кв.184"
Питосин,Сергей,Егорович,"",+7 (987) 631-14-50,888477910244,91394706325,"Россия, г. Муром, Западная ул., д. 5 кв.8","Россия, г. Казань, Социалистическая ул., д. 17 кв.179"
Питосин,Сергей,Егорович,"",+7 (968) 662-42-64,359315733230,94335752931,"Россия, г. Дзержинск, Коммунистическая ул., д. 11 кв.135","Россия, г. Старый Оскол, Социалистическая ул., д. 18 кв.196"
Королева,Елена,Григориевна,"",+7 (944) 197-18-70,822834708021,27886334641,"Россия, г. Якутск, Октябрьский пер., д. 2 кв.158","Россия, г. Первоуральск, Социалистическая ул., д. 21 кв.9"
Королева,Елена,Григориевна,"",+7 (994) 679-97-61,380655604524,75353141993,"Россия, г. Энгельс, Майская ул., д. 24 кв.89","Россия, г. Новосибирск, Первомайская ул., д. 6 кв.159"
Долгова,Полина,Ильиновна,"",+7 (936) 347-97-51,138822349464,49547493173,"Россия, г. Бердск, Минская ул., д. 10 кв.157","Россия, г. Нальчик, Зеленый пер., д. 15 кв.182"
Питосин,Сергей,Егорович,"",+7 (908) 630-11-94,286662352280,34704619316,"Россия, г. Калининград, Севернаяул., д. 1 кв.10","Россия, г. Йошкар-Ола, Мира ул., д. 16 кв.158"
Николаев,Яков,Алексеевич,"",+7 (969) 425-47-60,689772499807,12474642367,"Россия, г. Кисловодск, Победы ул., д. 13 кв.174","Россия, г. Орск, Полевая ул., д. 19 кв.132"
Королева,Елена,Григориевна,"",+7 (963) 741-46-81,115433836435,33821442222,"Россия, г. Копейск, Молодежный пер., д. 11 кв.23","Россия, г. Санкт-Петербург, Интернациональная ул., д. 24 кв.145"
Позон,Савва,Филиппович,"",+7 (959) 783-92-47,348237335143,89918940743,"Россия, г. Чита, Победы ул., д. 3 кв.62","Россия, г. Орехово-Зуево, Заслонова ул., д. 13 кв.29"
Погребной,Валерий,Константинович,"",+7 (993) 971-96-67,457751392325,23345597468,"Россия, г. Новый Уренгой, Первомайский пер., д. 7 кв.48","Россия, г. Орехово-Зуево, Заречная ул., д. 20 кв.210"
Березовская,Антонина,Никаноровна,"",+7 (962) 722-15-19,903802028402,69098838677,"Россия, г. Иркутск, Севернаяул., д. 4 кв.210","Россия, г. Тюмень, Заводская ул., д. 12 кв.198"
Погребной,Валерий,Константинович,"",+7 (975) 140-23-31,268380122160,77423620893,"Россия, г. Воронеж, Сосновая ул., д. 13 кв.22","Россия, г. Пермь, Севернаяул., д. 4 кв.213"
Березовская,Антонина,Никаноровна,"",+7 (907) 757-54-29,418902106230,37183280997,"Россия, г. Сыктывкар, Первомайский пер., д. 14 кв.142","Россия, г. Нижневартовск, Октябрьская ул., д. 22 кв.199"
Березовская,Антонина,Никаноровна,"",+7 (927) 862-92-17,103082147560,46826312871,"Россия, г. Ярославль, Космонавтов ул., д. 18 кв.154","Россия, г. Омск, Социалистическая ул., д. 5 кв.48"
Березовская,Антонина,Никаноровна,"",+7 (926) 768-18-21,549764738980,71933909518,"Россия, г. Оренбург, Октябрьский пер., д. 12 кв.135","Россия, г. Рязань, Дружная ул., д. 9 кв.194"
Погребной,Валерий,Константинович,"",+7 (932) 968-20-20,279517214894,24129428840,"Россия, г. Южно-Сахалинск, Победы ул., д. 1 кв.95","Россия, г. Люберцы, Пионерская ул., д. 14 кв.15"
Погребной,Валерий,Константинович,"",+7 (967) 974-33-72,627603957458,76395113499,"Россия, г. Прокопьевск, Максима Горького ул., д. 11 кв.61","Россия, г. Липецк, Пушкина ул., д. 16 кв.208"
Изюмова,Настасья,Кирилловна,"",+7 (908) 612-63-71,743330705993,19342088141,"Россия, г. Северодвинск, Зеленый пер., д. 5 кв.135","Россия, г. Иркутск, Якуба Коласа ул., д. 9 кв.65"
Марина,Екатерина,Романовна,"",+7 (978) 489-77-13,403264376027,57707430669,"Россия, г. Иркутск, Трудовая ул., д. 16 кв.102","Россия, г. Волгоград, Чкалова ул., д. 18 кв.86"
Чемоданов,Марк,Климентович,"",+7 (907) 101-42-15,639071639490,41290033678,"Россия, г. Иваново, Железнодорожная ул., д. 10 кв.30","Россия, г. Железногорск, Светлая ул., д. 21 кв.58"
Лосевская,Елизавета,Герасимовна,"",+7 (924) 692-73-51,273255341130,29508902015,"Россия, г. Уфа, Якуба Коласа ул., д. 5 кв.110","Россия, г. Сургут, Полевая ул., д. 8 кв.78"
Конакова,Альбина,Юлиановна,"",+7 (911) 139-53-72,832068447417,71849786976,"Россия, г. Киров, Сельская ул., д. 16 кв.99","Россия, г. Уссурийск, Западная ул., д. 25 кв.35"
Цейдлиц,Марьямна,Артемова,"",+7 (989) 813-79-69,774435533799,79779145217,"Россия, г. Березники, Партизанская ул., д. 3 кв.62","Россия, г. Тамбов, Железнодорожная ул., д. 2 кв.219"
Серпионов,Георгий,Степанович,"",+7 (956) 249-69-45,953613384502,73415573713,"Россия, г. Астрахань, Пушкина ул., д. 15 кв.131","Россия, г. Сургут, Приозерная ул., д. 20 кв.212"
Мартюшева,Анна,Александровна,"",+7 (912) 206-45-26,660244510339,56225527275,"Россия, г. Нефтекамск, Приозерная ул., д. 11 кв.139","Россия, г. Тольятти, Строителей ул., д. 3 кв.140"
Павленко,Ирина,Максимовна,"",+7 (988) 118-48-49,689727290916,27247249962,"Россия, г. Электросталь, Весенняя ул., д. 10 кв.189","Россия, г. Екатеринбург, Дружбы ул., д. 7 кв.96"
Ядыкин,Серафим,Константинович,"",+7 (919) 839-88-60,859511755700,59819544518,"Россия, г. Тамбов, Первомайский пер., д. 24 кв.36","Россия, г. Мытищи, Ленина В.И.ул., д. 8 кв.95"
Малкин,Прохор,Иннокентиевич,"",+7 (955) 941-74-42,121974692846,28721735970,"Россия, г. Находка, Чапаева ул., д. 15 кв.46","Россия, г. Раменское, Рабочая ул., д. 25 кв.199"
Степнов,Дмитрий,Игнатьевич,"",+7 (918) 720-88-39,892267474332,81326882860,"Россия, г. Краснодар, ЯнкиКупалы ул., д. 4 кв.41","Россия, г. Хасавюрт, Зеленая ул., д. 2 кв.57"
Емельянов,Арсений,Валерианович,"",+7 (960) 668-20-41,296116982110,27883339468,"Россия, г. Набережные Челны, Озерная ул., д. 11 кв.100","Россия, г. Подольск, Дружбы ул., д. 13 кв.39"
Дубровин,Даниил,Ефремович,"",+7 (938) 369-34-18,423845935877,54746515597,"Россия, г. Березники, Ленина В.И.ул., д. 17 кв.220","Россия, г. Томск, Дачная ул., д. 11 кв.207"
Блок,Егор,Антонович,"",+7 (922) 741-85-77,492704466872,48273516111,"Россия, г. Оренбург, Железнодорожная ул., д. 22 кв.43","Россия, г. Старый Оскол, Колхозная ул., д. 8 кв.146"
Ягодинский,Александр,Даниилович,"",+7 (952) 668-15-70,738411026103,69650915305,"Россия, г. Орск, Октябрьский пер., д. 22 кв.137","Россия, г. Белгород, 3 Марта ул., д. 19 кв.85"
Панкратов,Дмитрий,Леонтьевич,"",+7 (959) 921-90-55,343690352252,19835504027,"Россия, г. Екатеринбург, Садовый пер., д. 17 кв.135","Россия, г. Сергиев Посад, Красноармейская ул., д. 12 кв.151"
Шишков,Иван,Тимофеевич,"",+7 (909) 321-21-76,987487388518,30569982955,"Россия, г. Магнитогорск, 17 Сентября ул., д. 12 кв.17","Россия, г. Невинномысск, Мирная ул., д. 8 кв.21"
Мартюшева,Анна,Александровна,"",+7 (909) 364-16-81,927805473539,41006950118,"Россия, г. Орск, Чапаева ул., д. 16 кв.51","Россия, г. Петрозаводск, Молодежный пер., д. 12 кв.133"
Мартюшева,Анна,Александровна,"",+7 (953) 805-84-87,199073885182,39016163911,"Россия, г. Реутов, Мирная ул., д. 4 кв.132","Россия, г. Майкоп, Мира ул., д. 4 кв.71"
Кравцов,Иван,Афанасьевич,"",+7 (934) 337-21-44,167040235620,26264189795,"Россия, г. Шахты, Белорусская ул., д. 14 кв.140","Россия, г. Петропавловск-Камчатский, Садовая ул., д. 19 кв.66"
Ромазанова,Ева,Филипповна,"",+7 (949) 413-59-71,778314598735,98596334840,"Россия, г. Ставрополь, Дзержинского ул., д. 16 кв.172","Россия, г. Миасс, Центральный пер., д. 11 кв.115"
Бурая,Василиса,Елизаровна,"",+7 (934) 212-83-64,592232484123,30695472820,"Россия, г. Серпухов, Хуторская ул., д. 18 кв.112","Россия, г. Вологда, Шоссейная ул., д. 1 кв.48"
Мичуев,Антон,Маркович,"",+7 (927) 789-75-42,516938032439,84517868850,"Россия, г. Хабаровск, Солнечная ул., д. 22 кв.29","Россия, г. Балашиха, Новоселов ул., д. 21 кв.20"
Лыков,Павел,Климентович,"",+7 (906) 962-68-97,120523291889,82170751191,"Россия, г. Люберцы, Школьный пер., д. 9 кв.152","Россия, г. Камышин, Советский пер., д. 11 кв.129"
Маслюк,Лидия,Феодосьевна,"",+7 (948) 492-85-45,913068849735,39876493976,"Россия, г. Ростов-на-Дону, Дружбы ул., д. 18 кв.158","Россия, г. Магнитогорск, Новый пер., д. 5 кв.87"
Беломестных,Захар,Валерьевич,"",+7 (975) 950-68-72,791587040940,73008026133,"Россия, г. Рубцовск, Максима Горького ул., д. 18 кв.40","Россия, г. Реутов, Дружбы ул., д. 17 кв.173"
Северин,Кирилл,Кириллович,"",+7 (935) 462-12-18,821540589500,34380232777,"Россия, г. Владивосток, Рабочая ул., д. 5 кв.3","Россия, г. Нижний Тагил, Севернаяул., д. 4 кв.90"
Сиянских,Мила,Серафимовна,"",+7 (914) 777-55-60,826397289206,80135647227,"Россия, г. Армавир, Пионерская ул., д. 24 кв.97","Россия, г. Батайск, Березовая ул., д. 8 кв.11"
Полешко,Елизавета,Даниловна,"",+7 (909) 329-93-85,296163240330,82469055153,"Россия, г. Красногорск, Луговая ул., д. 9 кв.104","Россия, г. Рыбинск, Коммунистическая ул., д. 20 кв.8"
Ерзов,Егор,Захарович,"",+7 (938) 386-64-21,687123975102,69164988044,"Россия, г. Балашиха, Дружбы ул., д. 13 кв.170","Россия, г. Ижевск, Социалистическая ул., д. 14 кв.118"
Лилова,Галина,Гермоновна,"",+7 (971) 354-61-56,437239321334,33280114595,"Россия, г. Нижневартовск, Мирная ул., д. 8 кв.3","Россия, г. Норильск, Максима Горького ул., д. 7 кв.97"
Сухов,Арсений,Максимович,"",+7 (945) 173-37-63,196343322244,24422445869,"Россия, г. Ижевск, Мирная ул., д. 20 кв.60","Россия, г. Северск, Красноармейская ул., д. 3 кв.105"
Юшакова,Анна,Никифоровна,"",+7 (906) 959-77-52,234689146917,78683173081,"Россия, г. Архангельск, Школьный пер., д. 23 кв.62","Россия, г. Сургут, Дружная ул., д. 20 кв.32"
Пожарский,Павел,Павлович,"",+7 (915) 264-61-95,131959385501,27891686816,"Россия, г. Новочебоксарск, Садовая ул., д. 1 кв.120","Россия, г. Иваново, Лесная ул., д. 1 кв.120"
Зощенко,Роман,Прокопьевич,"",+7 (931) 489-57-13,279880592080,55653205561,"Россия, г. Комсомольск-на-Амуре, Минская ул., д. 6 кв.155","Россия, г. Новороссийск, Луговая ул., д. 10 кв.149"
Суслов,Илья,Егорович,"",+7 (989) 399-23-54,196796135210,43921269157,"Россия, г. Владивосток, Пролетарская ул., д. 11 кв.109","Россия, г. Прокопьевск, Космонавтов ул., д. 19 кв.106"
Блаженнова,Алина,Севастьяновна,"",+7 (981) 133-45-77,730496456274,22476257132,"Россия, г. Рязань, Октябрьский пер., д. 19 кв.55","Россия, г. Элиста, Заводская ул., д. 2 кв.173"
Ануфриев,Ефим,Ефимович,"",+7 (959) 316-75-34,982601873136,66934776157,"Россия, г. Волгоград, Садовый пер., д. 11 кв.68","Россия, г. Ставрополь, Ленинская ул., д. 12 кв.69"
Еськова,Юлия,Семеновна,"",+7 (970) 875-19-61,728938175376,22888687140,"Россия, г. Калуга, Тихая ул., д. 8 кв.203","Россия, г. Сыктывкар, Заречный пер., д. 21 кв.173"
Никулаичев,Арсений,Антонович,"",+7 (946) 897-72-55,513743047068,66062522689,"Россия, г. Евпатория, Светлая ул., д. 2 кв.179","Россия, г. Тольятти, Мирная ул., д. 7 кв.101"
Кресанов,Вениамин,Антонович,"",+7 (994) 381-89-32,109540022826,18580430207,"Россия, г. Курск, Солнечный пер., д. 16 кв.6","Россия, г. Магнитогорск, Солнечная ул., д. 6 кв.200"
Шуршалина,Анна,Кузьминовна,"",+7 (972) 664-97-70,237185627342,84660069816,"Россия, г. Артем, Школьная ул., д. 8 кв.151","Россия, г. Комсомольск-на-Амуре, Якуба Коласа ул., д. 25 кв.54"
Ярочкин,Леонтий,Вячеславович,"",+7 (949) 649-50-66,309272397117,66634638398,"Россия, г. Коломна, Школьный пер., д. 22 кв.190","Россия, г. Новочеркасск, Дружная ул., д. 7 кв.195"
Юхтриц,Илья,Венедиктович,"",+7 (924) 837-61-66,400184615690,70349431517,"Россия, г. Волжский, Заречный пер., д. 8 кв.15","Россия, г. Ижевск, Октябрьская ул., д. 22 кв.37"
Куксюка,Арина,Петровна,"",+7 (908) 126-41-56,493215956199,20130518110,"Россия, г. Иваново, Озерная ул., д. 14 кв.77","Россия, г. Нефтеюганск, Пролетарская ул., д. 3 кв.174"
Макушева,Дарья,Афанасьевна,"",+7 (975) 849-71-74,298965312488,34046258352,"Россия, г. Оренбург, Победы ул., д. 12 кв.216","Россия, г. Каспийск, Тихая ул., д. 21 кв.25"
Яфракова,Серафима,Захаровна,"",+7 (969) 184-42-56,243511184033,62292831004,"Россия, г. Брянск, Минская ул., д. 14 кв.124","Россия, г. Северодвинск, Колхозный пер., д. 2 кв.20"
Носатенко,Ефим,Алексеевич,"",+7 (972) 823-24-58,787841775746,42230901742,"Россия, г. Уссурийск, Сельская ул., д. 13 кв.202","Россия, г. Кострома, Севернаяул., д. 5 кв.138"
Грибакин,Василий,Лукьевич,"",+7 (949) 436-79-60,285758085387,56268831245,"Россия, г. Хабаровск, Новый пер., д. 2 кв.139","Россия, г. Уфа, Интернациональная ул., д. 25 кв.128"
Минкин,Трофим,Савванович,"",+7 (906) 740-86-72,563748140087,59002893158,"Россия, г. Долгопрудный, Строителей ул., д. 13 кв.121","Россия, г. Армавир, Минская ул., д. 24 кв.97"
Царева,Раиса,Викторовна,"",+7 (951) 630-17-39,761272527346,12501842773,"Россия, г. Сургут, Чкалова ул., д. 10 кв.35","Россия, г. Комсомольск-на-Амуре, Садовая ул., д. 25 кв.33"
Гершкович,Оксана,Давидовна,"",+7 (979) 106-31-77,513547752497,49923359251,"Россия, г. Рубцовск, Заречная ул., д. 25 кв.94","Россия, г. Екатеринбург, Молодежный пер., д. 20 кв.118"
Шлыкова,Инна,Кирилловна,"",+7 (952) 625-29-17,643257295145,18563328168,"Россия, г. Владикавказ, Ленинская ул., д. 12 кв.96","Россия, г. Архангельск, Лесная ул., д. 17 кв.93"
Вольпов,Савва,Семенович,"",+7 (922) 367-73-62,577964222651,38439756111,"Россия, г. Жуковский, Луговой пер., д. 7 кв.163","Россия, г. Одинцово, Мирная ул., д. 25 кв.36"
Яблонцев,Федор,Филиппович,"",+7 (942) 431-85-51,274403736337,87948248348,"Россия, г. Иваново, Первомайская ул., д. 5 кв.167","Россия, г. Краснодар, Социалистическая ул., д. 21 кв.134"
Шабалин,Лаврентий,Антонрвич,"",+7 (948) 752-79-26,556429073080,17985431896,"Россия, г. Красноярск, Белорусская ул., д. 17 кв.4","Россия, г. Королёв, Речной пер., д. 11 кв.113"
Мандрыка,Арина,Лльвона,"",+7 (969) 773-18-25,991647423582,57405657681,"Россия, г. Новороссийск, Совхозная ул., д. 8 кв.115","Россия, г. Ставрополь, Кирова ул., д. 14 кв.117"
Кылымнык,Светлана,Павловна,"",+7 (964) 559-49-57,270911484300,12147210148,"Россия, г. Оренбург, Озерная ул., д. 5 кв.187","Россия, г. Красноярск, Октябрьский пер., д. 24 кв.179"
Авдошкин,Юрий,Иннокентиевич,"",+7 (991) 591-73-33,450236422888,66336355305,"Россия, г. Новомосковск, Западная ул., д. 17 кв.144","Россия, г. Новочеркасск, Космонавтов ул., д. 2 кв.12"
Чайка,Антон,Трофимович,"",+7 (920) 199-76-85,175017780700,59696598430,"Россия, г. Смоленск, Колхозный пер., д. 2 кв.14","Россия, г. Подольск, Сосновая ул., д. 16 кв.57"
Ивазов,Федор,Елизарович,"",+7 (999) 899-16-77,664970945890,80937384248,"Россия, г. Первоуральск, Юбилейная ул., д. 20 кв.92","Россия, г. Улан-Удэ, Юбилейная ул., д. 1 кв.58"
Щеглова,Дарья,Кузьминовна,"",+7 (936) 237-60-99,741771970021,85065911327,"Россия, г. Березники, Колхозная ул., д. 10 кв.77","Россия, г. Липецк, Западная ул., д. 13 кв.31"
Ульяшин,Юрий,Никитович,"",+7 (935) 959-49-22,699060293496,47072494455,"Россия, г. Северодвинск, Ленинская ул., д. 23 кв.3","Россия, г. Октябрьский, Весенняя ул., д. 22 кв.185"
Заседателев,Валерий,Филиппович,"",+7 (974) 305-80-51,753305084918,89650678387,"Россия, г. Ноябрьск, Интернациональная ул., д. 25 кв.15","Россия, г. Абакан, Речная ул., д. 25 кв.159"
Немцов,Иннокентий,Леонтьевич,"",+7 (947) 850-77-17,916882134204,22965820312,"Россия, г. Москва, Солнечный пер., д. 22 кв.128","Россия, г. Южно-Сахалинск, Зеленая ул., д. 9 кв.120"
Гарифуллин,Валерий,Панкратович,"",+7 (955) 892-42-22,318234573790,82234884677,"Россия, г. Петропавловск-Камчатский, Молодежный пер., д. 4 кв.177","Россия, г. Дербент, Полесская ул., д. 19 кв.22"
Компанец,Семен,Кириллович,"",+7 (969) 555-48-23,199197341523,28195940124,"Россия, г. Архангельск, Заречный пер., д. 3 кв.116","Россия, г. Чебоксары, Новый пер., д. 21 кв.65"
Маюров,Адам,Константинович,"",+7 (907) 755-20-26,412745000800,53417193071,"Россия, г. Электросталь, Солнечный пер., д. 19 кв.123","Россия, г. Владикавказ, Весенняя ул., д. 17 кв.5"
Икрамова,Сюзанна,Васильевна,"",+7 (983) 505-99-37,633455804207,90326910441,"Россия, г. Новый Уренгой, Радужная ул., д. 25 кв.45","Россия, г. Владивосток, Пушкина ул., д. 14 кв.27"
Балаева,Татьяна,Саввановна,"",+7 (986) 963-77-76,441030615120,15726031974,"Россия, г. Уфа, ЯнкиКупалы ул., д. 13 кв.109","Россия, г. Симферополь, Октябрьская ул., д. 24 кв.152"
Орехов,Трофим,Алексеевич,"",+7 (987) 981-63-40,873392730367,43247216897,"Россия, г. Якутск, Мира ул., д. 18 кв.96","Россия, г. Ижевск, Тихая ул., д. 12 кв.122"
Еремин,Виктор,Павлович,"",+7 (945) 133-84-95,151957008405,49161633239,"Россия, г. Абакан, Светлая ул., д. 8 кв.82","Россия, г. Ачинск, Пушкина ул., д. 12 кв.37"
Скворцова,Лана,Антоновна,"",+7 (943) 837-24-39,220389336769,65068074125,"Россия, г. Ижевск, Максима Горького ул., д. 18 кв.45","Россия, г. Камышин, Зеленая ул., д. 13 кв.48"
Хуснутдинов,Макар,Арсеньевич,"",+7 (921) 453-81-51,526187279651,12665375400,"Россия, г. Дербент, Советская ул., д. 1 кв.80","Россия, г. Северодвинск, Молодежный пер., д. 2 кв.18"
Сапогова,Зоя,Геннадьевна,"",+7 (932) 809-87-26,872725548980,47771059444,"Россия, г. Раменское, Заслонова ул., д. 4 кв.127","Россия, г. Ангарск, Луговая ул., д. 2 кв.141"
Борисова,Екатерина,Трофимовна,"",+7 (910) 632-37-16,235055162290,89810452072,"Россия, г. Нефтекамск, Рабочая ул., д. 14 кв.10","Россия, г. Новокузнецк, Восточная ул., д. 14 кв.67"
Карпенцев,Юлиан,Трофимович,"",+7 (913) 893-15-61,602233943897,63931938328,"Россия, г. Москва, Песчаная ул., д. 4 кв.94","Россия, г. Ангарск, Заречный пер., д. 8 кв.138"
Серых,Савва,Георгиевич,"",+7 (932) 104-82-20,707335207104,18092754504,"Россия, г. Жуковский, Рабочая ул., д. 15 кв.71","Россия, г. Хасавюрт, Полевой пер., д. 12 кв.43"
Колпакова,Сюзанна,Михаиловна,"",+7 (971) 677-32-64,132056562046,33513338003,"Россия, г. Набережные Челны, Калинина ул., д. 13 кв.118","Россия, г. Реутов, Социалистическая ул., д. 17 кв.40"
Низовкин,Яков,Петрович,"",+7 (935) 270-44-97,238761319007,48272409235,"Россия, г. Копейск, Цветочная ул., д. 12 кв.178","Россия, г. Новороссийск, Юбилейная ул., д. 13 кв.184"
